{"admins":[{"firstname":"Lewis","password":"beans","surname":"Jones","username":"A101"},{"firstname":"Bob","password":"beans","surname":"Stevens","username":"A102"},{"firstname":"Lewis","password":"beans","surname":"Jones","username":"A103"},{"firstname":"Lewis","password":"beans","surname":"Jones","username":"A103"},{"firstname":"Lewis","password":"beans","surname":"Jones","username":"A103"},{"firstname":"Lewis","password":"beans","surname":"Jones","username":"A103"},{"firstname":"Lewis","password":"beans","surname":"Jones","username":"A103"},{"firstname":"Lewis","password":"beans","surname":"Jones","username":"A103"},{"firstname":"Lewis","password":"beans","surname":"Jones","username":"A103"},{"firstname":"Lewis","password":"beans","surname":"Jones","username":"A103"}]}