{"Appointments":[{"earliestdate":"01\/01\/1970","latestdate":"31\/12\/2030","PatientID":"P101","doctorname":"test test"},{"earliestdate":"DD\/MM\/YY","latestdate":"DD\/MM\/YY","PatientID":"P102","doctorname":"Eve Jeffery"},{"earliestdate":"DD\/MM\/YY","latestdate":"DD\/MM\/YY","PatientID":"P103","doctorname":"Eve Jeffery"},{"earliestdate":"DD\/MM\/YY","latestdate":"DD\/MM\/YY","PatientID":"P101","doctorname":"Eve Jeffery"},{"earliestdate":"01.01.1990","latestdate":"02.01.1990","PatientID":"P101","doctorname":"Eve Jeffery"},{"earliestdate":"01.01.1990","latestdate":"02.01.1990","PatientID":"P101","doctorname":"Eve Jeffery"}]}