{"doctors":[{"firstname":"Eve","password":"beans","address":"2 Eastbourne Manor, Doctor Street, Plymouth, PL4 2AA","surname":"Jeffery","username":"D101"},{"firstname":"Kailan","password":"beans","address":"5 London House, Doctor Street, Plymouth, PL4 2AA","surname":"Redman","username":"D102"},{"firstname":"Carol","password":"beans","address":"24 Amazing Lane, Plymouth, PL5 2PA","surname":"Vorderman","username":"D104"},{"firstname":"TEST","password":"beans","address":"TEST","surname":"TEST","username":"D982"}]}