{"Prescriptions":[{"DoctorID":"D101","Comment":"Must take 4 per day, Minimum 6 hours between doses. Two per dosage.","MedicineName":"Paracetamol","PatientID":"P101","Quantity":"24"},{"DoctorID":null,"Comment":"Test.","MedicineName":"Ibuprofen","PatientID":"P101","Quantity":"25"},{"DoctorID":null,"Comment":"test","MedicineName":"Paracetamol","PatientID":"P101","Quantity":"999"},{"DoctorID":null,"Comment":"test","MedicineName":"Paracetamol","PatientID":"P101","Quantity":"9999"},{"DoctorID":"D101","Comment":"Take a maximum of 4 per day.","MedicineName":"Paracetamol","PatientID":"P101","Quantity":"20"},{"DoctorID":"D101","Comment":"Take a maximum of 4 per day.","MedicineName":"Paracetamol","PatientID":"P101","Quantity":"20"},{"DoctorID":"D101","Comment":"Take a maximum of 4 per day.","MedicineName":"Paracetamol","PatientID":"P101","Quantity":"20"},{"DoctorID":"D101","Comment":"Take a maximum of 4 per day.","MedicineName":"Paracetamol","PatientID":"P101","Quantity":"20"},{"DoctorID":"D101","Comment":"Take a maximum of 4 per day.","MedicineName":"Paracetamol","PatientID":"P101","Quantity":"20"},{"DoctorID":"D101","Comment":"Take a maximum of 4 per day.","MedicineName":"Paracetamol","PatientID":"P101","Quantity":"20"},{"DoctorID":"D101","Comment":"Take a maximum of 4 per day.","MedicineName":"Paracetamol","PatientID":"P101","Quantity":"20"},{"DoctorID":"D101","Comment":"Take a maximum of 4 per day.","MedicineName":"Paracetamol","PatientID":"P101","Quantity":"20"},{"DoctorID":"D101","Comment":"Take a maximum of 4 per day.","MedicineName":"Paracetamol","PatientID":"P101","Quantity":"20"}]}