{"ScheduledAppointments":[{"DoctorName":"Eve Jeffery","PatientID":"P101","AppointmentDate":"20\/11\/2019"},{"DoctorName":"Eve Jeffery","PatientID":"P101","AppointmentDate":"07\/07\/1997"},{"DoctorName":"Eve Jeffery","PatientID":"","AppointmentDate":""},{"DoctorName":"Eve Jeffery","PatientID":"","AppointmentDate":""},{"DoctorName":"Eve Jeffery","PatientID":"","AppointmentDate":""},{"DoctorName":"Eve Jeffery","PatientID":"","AppointmentDate":""},{"DoctorName":"Eve Jeffery","PatientID":"","AppointmentDate":""},{"DoctorName":"Eve Jeffery","PatientID":"","AppointmentDate":""},{"DoctorName":"Eve Jeffery","PatientID":"","AppointmentDate":""},{"DoctorName":"Eve Jeffery","PatientID":"","AppointmentDate":""},{"DoctorName":"Eve Jeffery","PatientID":"","AppointmentDate":""},{"DoctorName":"Eve Jeffery","PatientID":"","AppointmentDate":""},{"DoctorName":"Eve Jeffery","PatientID":"","AppointmentDate":""},{"DoctorName":"Eve Jeffery","PatientID":"","AppointmentDate":""},{"DoctorName":null,"PatientID":"","AppointmentDate":""},{"DoctorName":"Eve Jeffery","PatientID":"","AppointmentDate":""},{"DoctorName":"Eve Jeffery","PatientID":"","AppointmentDate":""},{"DoctorName":"Eve Jeffery","PatientID":"","AppointmentDate":""},{"DoctorName":"Eve Jeffery","PatientID":"","AppointmentDate":""},{"DoctorName":"Eve Jeffery","PatientID":"","AppointmentDate":""},{"DoctorName":"Eve Jeffery","PatientID":"","AppointmentDate":""},{"DoctorName":"Eve Jeffery","PatientID":"","AppointmentDate":""},{"DoctorName":"Eve Jeffery","PatientID":"","AppointmentDate":""},{"DoctorName":"Eve Jeffery","PatientID":"","AppointmentDate":""},{"DoctorName":"Eve Jeffery","PatientID":"","AppointmentDate":""},{"DoctorName":"Eve Jeffery","PatientID":"","AppointmentDate":""},{"DoctorName":"Eve Jeffery","PatientID":"","AppointmentDate":""},{"DoctorName":null,"PatientID":"","AppointmentDate":""},{"DoctorName":null,"PatientID":"","AppointmentDate":""},{"DoctorName":null,"PatientID":"","AppointmentDate":""},{"DoctorName":null,"PatientID":"","AppointmentDate":""},{"DoctorName":null,"PatientID":"","AppointmentDate":""},{"DoctorName":null,"PatientID":"","AppointmentDate":""},{"DoctorName":null,"PatientID":"","AppointmentDate":""}]}